Ref,Val,Package,PosX,PosY,Rot,Side
"BZ1","CMT-8504-100","MagneticBuzzer_CUI_CMT-8504-100-SMT",49.500000,14.000000,0.000000,top
"C1","100nF","C_0402_1005Metric",5.070000,21.900000,0.000000,top
"C2","10uF","C_0402_1005Metric",30.020000,33.550000,0.000000,top
"C3","1uF","C_0402_1005Metric",30.020000,34.500000,0.000000,top
"C4","100nF","C_0402_1005Metric",30.020000,35.450000,0.000000,top
"C5","100nF","C_0402_1005Metric",31.930000,32.234924,180.000000,top
"C6","100nF","C_0402_1005Metric",40.450000,25.250000,-90.000000,top
"C7","1uF","C_0402_1005Metric",39.500000,25.250000,-90.000000,top
"C8","100nF","C_0402_1005Metric",38.380000,25.250000,-90.000000,top
"C9","100uF","C_1206_3216Metric",3.000000,33.000000,180.000000,top
"C10","1uF","C_0402_1005Metric",31.950000,35.450000,0.000000,top
"C11","10nF","C_0402_1005Metric",31.950000,34.500000,0.000000,top
"C12","1uF","C_0402_1005Metric",45.200000,33.800000,-90.000000,top
"C13","1nF","C_0402_1005Metric",8.100000,13.350000,180.000000,top
"C14","100uF","C_1206_3216Metric",4.394924,14.800000,180.000000,top
"C15","100nF","C_0402_1005Metric",39.200000,36.700000,90.000000,top
"C16","1uF","C_0402_1005Metric",42.900000,30.980000,90.000000,top
"C17","100nF","C_0402_1005Metric",3.115000,21.900000,180.000000,top
"C18","43pF","C_0402_1005Metric",8.620000,14.800000,90.000000,top
"C19","1uF","C_0402_1005Metric",9.520000,21.950000,0.000000,top
"C20","8.2nF","C_0402_1005Metric",2.520000,20.780000,0.000000,top
"C21","100nF","C_0402_1005Metric",27.522500,39.172576,0.000000,top
"C22","10nF","C_0402_1005Metric",27.500000,27.760000,0.000000,top
"C23","10uF","C_0402_1005Metric",27.500000,26.810000,0.000000,top
"C24","10nF","C_0402_1005Metric",25.500000,30.010000,-90.000000,top
"C25","100nF","C_0402_1005Metric",25.752500,37.172576,90.000000,top
"C26","100uF","C_1206_3216Metric",11.600000,2.000000,0.000000,top
"C27","12pF","C_0402_1005Metric",32.950000,36.950000,90.000000,top
"C28","12pF","C_0402_1005Metric",38.130000,36.684924,-90.000000,top
"C29","100uF","C_1206_3216Metric",18.400000,2.000000,0.000000,top
"C30","100uF","C_1206_3216Metric",25.200000,2.000000,0.000000,top
"C31","100uF","C_1206_3216Metric",32.000000,2.000000,0.000000,top
"C32","1uF","C_0402_1005Metric",4.864924,16.450000,180.000000,top
"C33","1uF","C_0402_1005Metric",21.500000,29.500000,-90.000000,top
"C34","100nF","C_0402_1005Metric",30.550000,18.950000,180.000000,top
"D1","DFLS130L","D_PowerDI-123",45.930000,31.300000,180.000000,top
"D2","DFLS130L","D_PowerDI-123",51.150000,31.300000,0.000000,top
"D3","BAT54C","SOT-23",43.862500,36.650000,180.000000,top
"D4","BAT54C","SOT-23",42.250000,16.000000,180.000000,top
"D5","Power","LED_0603_1608Metric",53.000000,44.500000,180.000000,top
"D6","TX0","LED_0603_1608Metric",53.000000,43.000000,180.000000,top
"D7","RX0","LED_0603_1608Metric",53.000000,41.500000,180.000000,top
"D8","Action","LED_0603_1608Metric",53.000000,40.000000,180.000000,top
"J2","I2C","JST_GH_SM04B-GHS-TB_1x04-1MP_P1.25mm_Horizontal",41.075000,41.550000,180.000000,top
"L1","2.2nH","L_0402_1005Metric",31.930000,33.184924,0.000000,top
"L2","1uH","L_APV_APH0630",6.644924,27.125000,-90.000000,top
"Q1","BC817-40","SOT-23",42.250000,19.500000,180.000000,top
"R1","470k","R_0402_1005Metric",8.100000,11.400000,0.000000,top
"R2","267k","R_0402_1005Metric",7.400000,21.900000,0.000000,top
"R3","118k","R_0402_1005Metric",8.100000,12.400000,0.000000,top
"R4","100","R_0402_1005Metric",43.690000,34.300000,0.000000,top
"R5","28.7k","R_0402_1005Metric",7.600000,14.800000,-90.000000,top
"R6","10k","R_0402_1005Metric",43.690000,33.300000,0.000000,top
"R7","124k","R_0402_1005Metric",8.900000,16.400000,0.000000,top
"R8","5.1k","R_0402_1005Metric",45.800000,20.300000,90.000000,top
"R9","5.1k","R_0402_1005Metric",44.900000,21.900000,180.000000,top
"R10","10k","R_0402_1005Metric",29.500000,32.600000,180.000000,top
"R11","5.1k","R_0402_1005Metric",30.290000,36.710000,180.000000,top
"R12","5.1k","R_0402_1005Metric",30.300000,37.700000,180.000000,top
"R13","470","R_0402_1005Metric",38.700000,15.200000,180.000000,top
"R14","470","R_0402_1005Metric",43.000000,21.900000,180.000000,top
"R15","10k","R_0402_1005Metric",22.500000,29.500000,90.000000,top
"R16","10k","R_0402_1005Metric",23.700000,29.500000,90.000000,top
"R17","10k","R_0402_1005Metric",38.700000,16.500000,180.000000,top
"R18","5.1k","R_0402_1005Metric",31.500000,27.300000,90.000000,top
"R19","5.1k","R_0402_1005Metric",30.500000,27.300000,-90.000000,top
"RN1","47","R_Array_Convex_4x0402",31.700000,30.500000,180.000000,top
"RN2","1k","R_Array_Convex_4x0402",47.500000,41.250000,180.000000,top
"RN3","0","R_Array_Convex_4x0402",34.150000,25.250000,-90.000000,top
"RN4","1k","R_Array_Convex_4x0402",21.700000,23.550000,0.000000,top
"RN5","1k","R_Array_Convex_4x0402",21.700000,20.950000,0.000000,top
"RN6","0","R_Array_Convex_4x0402",36.650000,25.250000,90.000000,top
"SW1","TS-1187A-B-A-B","SW_SPST_TL3342",50.050000,35.700000,0.000000,top
"SW2","TS-1187A-B-A-B","SW_SPST_TL3342",15.800000,35.000000,90.000000,top
"SW3","TS-1187A-B-A-B","SW_SPST_TL3342",21.800000,35.000000,90.000000,top
"U1","AP2112K-3.3","SOT-23-5",43.750000,28.000000,0.000000,top
"U2","TPS61088","RHL0020A",6.119999,19.200080,-90.000000,top
"U3","USBLC6-2SC6","SOT-23-6",43.750000,24.500000,180.000000,top
"U4","ESP32-S3FN8","QFN-56-1EP_7x7mm_P0.4mm_EP4x4mm",37.000000,30.750000,0.000000,top
"U5","ICM-42688-P","LGA-14_3x2.5mm_P0.5mm_LayoutBorder3x4y",27.500000,30.000000,-90.000000,top
"U6","AHT20","AHT20",27.000000,34.500000,180.000000,top
"U7","BMP388","BMP388_v2",27.500000,37.437500,0.000000,top
"U8","SS206SURWA/S530-A3/S290","SS206SURWA",17.000000,24.000000,0.000000,top
"U9","74HC595","TSSOP-16_4.4x5mm_P0.65mm",25.625000,21.250000,-90.000000,top
"U10","W25N01GVZEIG","WSON-8-1EP_8x6mm_P1.27mm_EP3.4x4.3mm",35.800000,20.865000,180.000000,top
"Y1","40 MHz","Crystal_SMD_3225-4Pin_3.2x2.5mm",35.530000,36.634924,180.000000,top
